3M,"905 Adams Street Hutchinson Minnesota United States"
3M,"5500 Oaza Osanagi Higashine Yamagata Japan"
3M,"3406 E. Pleasant Street Knoxville Iowa United States"
3M,"235 Zhongyuan Road Suzhou Jiangsu China"
3M,"18 Jangan-Gongdan 1 Gil Jangan-myeon Hwaseong Gyeonggi-Do Korea"
3M,"1425 Stokke Parkway Menomonie Wisconsin United States"
3M,"1030 Lake Road Medina Ohio United States"
AAC TECHNOLOGIES HOLDINGS,"No. 8 Fengqi Road Hi-Tech. Industry Development Area Wujin District Changzhou JiangsuChina"
AAC TECHNOLOGIES HOLDINGS,"No. 66 Yanghuxi Road Wujin District Changzhou Jiangsu China"
AAC TECHNOLOGIES HOLDINGS,"Building 5 6th floor Nanyou Tianan Industry Park Dengliang Road NanShan District"
ADVANCED SEMICONDUCTOR,"No. 2 Chuangyi South Road Nanzi District Kaohsiung Taiwan"
ADVANCED SEMICONDUCTOR,"No. 501 Longgui Road Jinqiao Export Processing (South) Zone Shanghai"
ADVANCED SEMICONDUCTOR,"No. 188 Su Hong Xi Road Suzhou Industrial Park Suzhou Jiangsu China"
ADVANCED SEMICONDUCTOR,"No. 1558 Zhang Dong Road Zhangjiang Hi-Tech Park Shanghai China"
ADVANCED SEMICONDUCTOR,"No. 107 Neihuan North Road Nanzi District Kaohsiung Taiwan"
ADVANCED SEMICONDUCTOR,"76 Saneopdanji-gil Paju Gyeonggi-Do Korea"
ADVANCED SEMICONDUCTOR,"73 Kai Fa Road Nantze Export Processing Zone Kaohsiung Taiwan"
ADVANCED SEMICONDUCTOR,"1F No. 115 Nei-Huan North Road Nantze Export Processing Zone Kaohsiung Taiwan"
ADVANCED SEMICONDUCTOR,"1F 550 Chung-Hwa Road Section 1 Chungli Taoyuan Taiwan"
ALPS ELECTRIC,"XinXing Industry Zone XingFa South Street WuShaLiWu Changan Town Dongguan"
ALPS ELECTRIC,"P.T. 10643 Nilai Industrial Estate Nilai Negeri Sembilan Malaysia"
ALPS ELECTRIC,"No. 5 Xingchuang 4 Road Singapore Industrial Park Wuxi Jiangsu China"
ALPS ELECTRIC,"6-3-36 Furukawa Nakazato Osaki Miyagi Japan"
ALPS ELECTRIC,"6-1 Nishida Kakuda Miyagi Japan"
ALPS ELECTRIC,"41-25 Yanagi-machi Noda Onahama Iwaki Fukushima Japan"
ALPS ELECTRIC,"230 Shibue Wakuya-cho Tohda-gun Miyagi Japan"
ALPS ELECTRIC,"1-3-5 Higashi Takami Nagaoka Niigata Japan"
AMKOR TECHNOLOGY,"No. 39 GuangFu North Road Hsinchu Industrial Park Hsinchu Taiwan"
AMKOR TECHNOLOGY,"No. 111 Yinglun Road Waigaoqiao Free Trade Zone Shanghai China"
AMKOR TECHNOLOGY,"No. 11 GuangFu Road Hsinchu Industrial Park Hsinchu Taiwan"
AMKOR TECHNOLOGY,"Mirae-ro 150 Songdo Incheon Korea"
AMKOR TECHNOLOGY,"957 Daechon-dong Buk-gu Gwangju Jeollabuk-do Korea"
AMKOR TECHNOLOGY,"1F No. 1 Kao-Ping Section Chung-Feng Road Lung Tan Township "
AMKOR TECHNOLOGY,"145-1 Aza-Nakajima Nanae-cho Kameda Hokkaido Japan"
AMKOR TECHNOLOGY,"119 North Science Avenue Special Economic Zone Laguna Techno Park Binan Laguna"
AMKOR TECHNOLOGY,"110 Anaji-ro Gyeyang-gu Incheon Korea"
AMKOR TECHNOLOGY,"11 Guangfu Road Hsinchu Industrial ParkHukou County Hsinchu Taiwan"
AMKOR TECHNOLOGY,"1 Ohmaki Harue-Cho Harue Fukui Japan"
AMPHENOL,"No. 98-5 Road 19 Hangzhou Economic and Technological Development Zone Hangzhou"
AMPHENOL,"No. 689 Shen Nan Road Xin Zhuang Industry Park Shanghai China"
AMPHENOL,"Block A3/A4 The 4th Ind. District of Industrial Headquarters DongKeng Road GongMing"
AMPHENOL,"825 Old Trail Road Etters Pennsylvania United States"
AMS,"Tobelbaderstrasse 30 Premstaetten Styria Austria"
AMS,"B2-1D Carmelray Industrial Park II Barangay Tulo Calamba Laguna Philippines"
AMS,"7000 Ang Mo Kio Avenue 5 Singapore"
AMS,"26 Woodlands Loop Level 1 Singapore"
ANALOG DEVICES,"Gateway Business Park Javalera Gen. Trias Cavite Philippines"
ARTESYN EMBEDDED,"No. 68 Baocheng E. Road Fucheng Town Luoding YunFu Guangdong China"
ARTESYN EMBEDDED,"Main Avenue Corner Road J PEZA Complex Rosario Cavite Philippines"
ARTESYN EMBEDDED,"1st Building Emerson Industrial Park FengTang Road Fuyong Bao'an District Shenzhen"
TECHNOLOGIES,"Guangdong China"
ASAHI GLASS,"SAHA Group Industrial Park Lamphun 99/39 Moo 5 T. Pasak Muang Lamphun Lamphun"
ASAHI GLASS,"BE-2400 Mol Brussels Belgium"
ASAHI GLASS,"5-6-1 Umei Takasago Hyogo Japan"
ASAHI GLASS,"11 Qisan Road Haitian Industrial Garden Shenzhen Export Processing District Pingshan New"
ASAHI GLASS,"10 Goikaigan Ichihara Chiba Japan"
ASAHI GLASS,"1-8 Machiikedai Koriyama Fukushima Japan"
ASIA VITAL COMPONENTS,"West Industry Park XinYang Industrial Zone Shajing Town Bao'an District Shenzhen"
ASIA VITAL COMPONENTS,"No. 9 Longquan Road Fuzuling Street East Lake High-tech Zone Wuhan Hubei China"
ASIA VITAL COMPONENTS,"No. 5 Lane 8 RongJiang Road Songjiang Export Processing Zone Shanghai China"
ASIA VITAL COMPONENTS,"No. 188 Building 9 Jinxi Zhenjin Road Kunshan Jiangsu China"
AT & S AUSTRIA TECHNOLOGIE,"No. 58 Changhe Road Yuzui Town Jiangbei District Chongqing China"
AT & S AUSTRIA TECHNOLOGIE,"No. 5000 Jin Du Road Shanghai China"
BIEL CRYSTAL,"Yang Na Village Dan Shui Street Huiyang Distrcit Huizhou Guangdong China"
BIEL CRYSTAL,"Biel Crystal Industrial Park TangJing Village Baishi QiuChang Town Huiyang District Huizhou"
BOE TECHNOLOGY GROUP,"No. 668 Longzihu Road Heifei Anhui China"
BOYD,"No. 116 Hua Ning Road Dalang Street Shenzhen Guangdong China"
BOYD,"8 XinDu Road Singapore Industrial Park Wuxi Jiangsu China"
BROADCOM,"Fab 12A No. 18 NanKe 2nd Road Tainan Science Park Tainan Taiwan"
BROADCOM,"4380 Ziegler Road Fort Collins Colorado United States"
BROADCOM,"110 American Parkway NE Allentown Pennsylvania United States"
BUMCHUN PRECISION,"26 Byeolmang-ro 128beon-gil Danwon-gu (Sihwa Industrial Complex 5Ba 103) Ansan"
BYD ELECTRONIC,"Xiangshui River Economic Development Zone Daya Bay Huizhou Guangdong China"
BYD ELECTRONIC,"No. 1 BaoPing Road Baolong Industrial Town Long Gang Shenzhen Guangdong China"
CAREER TECHNOLOGY,"No. 18 Jin Sha Jiang South Road Kunshan Jiangsu China"
CAREER TECHNOLOGY,"248 Bo'ai Street Shulin District Taipei Taiwan"
CATCHER TECHNOLOGY,"XiangTai Road west side Lion River south side Economic Development Zone Taizhou"
CATCHER TECHNOLOGY,"No. 21 Gucheng Road Suzhou-Suqian Industrial Park Suqian Jiangsu China"
CATCHER TECHNOLOGY,"No. 398 RenAi Street YungKang District Tainan Taiwan"
CATCHER TECHNOLOGY,"No. 21 Gucheng Road Suzhou-Suqian Industrial Park Suqian Jiangsu China"
CATCHER TECHNOLOGY,"East of Xiangtai Road North of Haijun West Road Economic Development Zone Taizhou"
CATHAY TAT MING,"Yuyuan 4 Road Yuyuan Industrial Zone Huangjiang Town Dongguan Guangdong China"
CATHAY TAT MING,"No. 5 Furong 3rd Road Xishan Economic Development Zone Wuxi "
PRECISION METAL PRODUCTS,"Jiangsu China"
CATHAY TAT MING,"No. 2 Section A Baigong’ao Industrial Zone Xikeng Xinwei Sector Fumin Guanlan Bao'an"
PRECISION METAL PRODUCTS,"Shenzhen Guangdong China"
CCL DESIGN,"Carretera Guadalajara-Nogales No. 16445 Frente a Pinar de la Venta Zapopan Jalisco"
CCL DESIGN,"A1-D Industrial Complex Anna Salai Maralmalai Nagar Kancheepuram District Chennai"
CCL DESIGN,"6 Redwood Crescent Peel Park East Kilbride Scotland United Kingdom"
CCL DESIGN,"6 and 13 Baihe Street Suzhou Jiangsu China"
CCL DESIGN,"4 Redwood Crescent Peel Park East Kilbride Scotland United Kingdom"
CHENG LOONG,"No. 1 Tengfei 11 Road Southwest Air Harbor Development Economic Zone Chengdu "
CHENG LOONG,"No. 98 B Zone Gui Lin Road Kunshan Jiangsu China"
CHENG LOONG,"Dong Yie Street Industry District Houjie Town Dongguan Guangdong China"
CHENG LOONG,"888 Fuyan Road Weishi county Kaifeng Henan China"
CHENG LOONG,"399 Xiupu Road Kangqiao Industrial Zone Nanhai District Shanghai China"
CHENG UEI PRECISION,"No. 6 Zheng Wei Road Jin Xi Town Kunshan Jiangsu China"
CHENG UEI PRECISION,"No. 2161 Zhengwei Road Economic and Technology Development Zone of Ma'anshan"
CHENG UEI PRECISION,"No. 1 Xinfeng Street Chang Long Village Huang Jiang Town Dongguan Guangdong China"
CHENG UEI PRECISION,"Junda Industrial District DongKeng Dongguan Guangdong China"
CHENG UEI PRECISION,"Industry Street Dong-Keng Dongguan Guangdong China"
CHENG UEI PRECISION,"8th Long Keng Industry District QianMei Road Dong Keng Dongguan Guangdong China"
CHENGDU HOMIN,"No. 265 Tengfei Avenue Qingyang District Chengdu Sichuan China"
CHINA CIRCUIT TECHNOLOGY,"Wanji Industrial District Longhu Shantou Guangdong China"
CN INNOVATIONS,"58 Zhenxing Road Dagang Zhen Nansha District Guangzhou "
HOLDINGS,"Guangdong China"
CN INNOVATIONS,"9 Dongfu Road SIP Suzhou Jiangsu China"
CN INNOVATIONS,"3 Yayuan Road Bantian Subdistrict Longgang District Shenzhen Guangdong China"
COILCRAFT,"Putian Village Xiyang Town Meizhou Guangdong China"
COILCRAFT,"No. 5 Guangtonnan Road Dongfeng West Street Weinan Shanxi China"
COILCRAFT,"Jln Aster Lot SD37-38 Lobam Bintan Indonesia"
COILCRAFT,"Bac Chu Lai Industrial Park Chu Lai Open Economic Zone Tam Hiep Nui Thanh Quang Nam"
COMPAL ELECTRONICS,"No. 68-2 Suyuan Road Nanjing Export Processing Zone (South Area) Nanjing Jiangsu China"
COMPAL ELECTRONICS,"No. D05 Zone D Air Port Section of LiangLu CunTan Free Trade Port Area YuBei District"
COMPAL ELECTRONICS,"No 25 3rd Avenue Zone A of Kunshan Processing Zone Kunshan "
COMPEQ MANUFACTURING,"No. 91 Lane 814 Ta Hsin Road Shin Chuang Village Lu Chu Hsiang Taoyuan Taiwan"
COMPEQ MANUFACTURING,"No. 21 Panlong Road Lidu Industrial Park Fuling District Chongqing China"
COMPEQ MANUFACTURING,"No. 168 Huguang Road Huzhen Town Boluo County Huizhou "
COMPEQ MANUFACTURING,"4D Block Suchun Industrial Square No. 428 Xinglong Street Suzhou Industrial Park Suzhou"
CORNING,"No. 33 Section 2 HaunDong Road Tainan Science Based Industrial Park Tainan Taiwan"
CORNING,"680 E. Office Street Harrodsburg Kentucky United States"
CORNING,"212 Tangjeong-roTangjeong-myeon Asan Chungcheongnam-do Korea"
CORNING,"12117 Obuchi Kakegawa Shizuoka Japan"
COSMOSUPPLYLAB,"Middle ZhongXin Road Xian Sha Industry Gaobu Town Dongguan Guangdong China"
COSMOSUPPLYLAB,"Bo Wang Industrial Park Gaobu Town Dongguan Guangdong China"
COWELL E HOLDINGS,"No. 1 Songbo Road Huanan Industrial Area Liaobu Town Dongguan Guangdong China"
CREALAND TECHNOLOGY,"Gong He Cun No. 3 Industrial District ""F"" Sha Jing Bao'an Shenzhen Guangdong China"
CYMMETRIK ENTERPRISE,"Xinhua Road Xingwei Community Fuyong Street Bao'an Shenzhen Guangdong China"
CYMMETRIK ENTERPRISE,"No. 168 Chuyang Road Lujia Town East part of Economic and Technical Development Zone"
CYMMETRIK ENTERPRISE,"8th Factory Industrial Park of Weishi County Kaifeng Henan China"
CYPRESS SEMICONDUCTOR,"Gateway Business Park SEPZA Barangay Javalera General Trias "
CYPRESS SEMICONDUCTOR,"5204 E. Ben White Boulevard Austin Texas United States"
DARFON ELECTRONICS,"No. 99 Zhuyuan Road New District Suzhou Jiangsu China"
DARFON ELECTRONICS,"21 Industry 2nd Road Tainan Taiwan"
DELTA ELECTRONICS,"Wellgrow Industrial Estate 111 Moo 9 Soi 11 Bangna-Trad Road Tambol Bangwua Bang"
DELTA ELECTRONICS,"No. 168 Jishi East Road Wujiang Economic & Technological Development Zone Suzhou"
DELTA ELECTRONICS,"No. 688 Xiuhu West Road Song Ling Town Suzhou Jiangsu China"
DELTA ELECTRONICS,"Chen Zhou Export Processing Zone Bai Lu Tang Town Su Xian District Chenzhou Hunan"
DELTA ELECTRONICS,"2 R&D 2nd Road Science-Based Industrial Park Hsinchu Taiwan"
DELTA ELECTRONICS,"1688 Jiangxing East Road Wujiang Economic Development Zone Wujiang Jiangsu China"
DERKWOO ELECTRONICS,"No. 98-23 Cheomdangieop 7-Ro Gumi Gyeongsangbuk-Do Korea"
DEXERIALS,"18 Satuki-cho Kanuma-shi Tochigi Japan"
DEXERIALS,"1724 Shimotsuboyama Shimotsuke-shi Tochigi Japan"
DEXERIALS,"12-3 Satuki-cho Kanuma-shi Tochigi Japan"
DIODES,"Zetex Technology Park Chadderton Oldham United Kingdom"
DIODES,"Waldweg 7 Neuhaus am Rennweg Thuringia Germany"
DIODES,"Plant No. 1 Lane 18 San Zhuang Road Songjiang Export Zone "
DIODES,"No. 999 Chenchun Road Xinqiao Town Songjiang District Shanghai China"
DIODES,"No. 8 Kexin Road Chengdu Hi-Tech Zone (West Park) Chengdu "
DIODES,"3545 North 1st Street San Jose California United States"
DSM ENGINEERING PLASTICS,"Urmonderbaan 22 Geleen Netherlands"
DSM ENGINEERING PLASTICS,"No. 18 Pan Long Shan Road Jiangyin Jiangsu China"
DSM ENGINEERING PLASTICS,"Eerste Bokslootweg 17 Emmen Netherlands"
DYNAPACK INTERNATIONAL,"No. 8 Hua-Gang Road Wujiang Economic and Technological Development Zone Suzhou"
TECHNOLOGY,"Jiangsu China"
ECCO LEATHER,"Vierbundersweg 11 Dongen Netherlands"
ECCO LEATHER,"Chennan Industiral Zone Tong'An Xiamen Fujian China"
FLEX,"Plot No 3 Phase III SIPCOT Industrial Park Sandavellur (Village) Sriperumbuthur"
FLEX,"Flextronics Industrial Zone Shi Da Road Da Ling Shan Dongguan Guangdong China"
FLEX,"Avenida Liberdade 6315 Iporanga – Sorocaba Sao Paulo Brazil"
FLEX,"6380 East Holmes Road Memphis Tennessee United States"
FLEX,"12455 Research Boulevard Austin Texas United States"
FLEXIUM INTERCONNECT,"No. 23 Juguang 1st Street Tafa Industrial Park Daliao District "
FLEXIUM INTERCONNECT,"No. 1399 Hanpu Road Hi-Tech Industrial Park Kunshan Jiangsu China"
FOSTER ELECTRIC,"Street No. 1 Hoa Cam Industrial Zone Cam Le District Da Nang Vietnam"
FOSTER ELECTRIC,"No. 20 VSIP II Street 5 Vietnam Singapore Industrial Park II Hoa Phu Ward Thu Dau Mot Binh"
FOSTER ELECTRIC,"No. 1 Street 11 VSIP Bac Ninh Tu Son Bac Ninh Vietnam"
FOSTER ELECTRIC,"No. 8 11 Ke Yuan Dong Road Nanning New High Technology Industrial Zone Nanning"
FUJIKURA,"Northern Region Industrial Estate 68/1 Moo 4 Tambol Lamphun Thailand"
FUJIKURA,"Building 56A No. 199 Riying North Road Waigaoqiao Free Trade Zone Shanghai China"
FUJIKURA,"Build A-B No. 1411 Yecheng Road Jiading Industrial Zone Shanghai China"
FUJIKURA,"612/12 Moo 9 Kabinburi Industrial Zone Tambol Nongki Kabin Buri Prachin Buri Thailand"
FUJIKURA,"55/25 Moo 13 Navanakorn Industrial Estate Paholyothin Road Klong Nueng Khlong Luang"
FUJIKURA,"101/2 Moo 20 Navanakorn Industrial Zone Phaholyothin Road Klongluang District Khlong"
FUJIKURA,"1/80 Moo 5 Rojana Industrial Park Rojana Road Tambol Kanham Amphur U-Thai Pranakorn"
FUYANG TECHNOLOGY,"Second West Gate 278 Ma Yun Road Suzhou Jiangsu China"
GENIUS ELECTRONIC OPTICAL,"No. 8 Chuangxin Road Torch Hi-tech Industrial Zone Xiamen Fujian China"
GOERTEK,"West Changan South Road and North Tengfei Road Yishui County Linyi Shandong China"
GOERTEK,"No. 268 Dongfang Road High-Tech Industrial Development Zone Weifang Shandong China"
GOERTEK,"Lot K-08 Que Vo Industrial Park Nam Son Commune Bac Ninh Vietnam"
GOLDEN ARROW PRINTING,"No. 556 Qingyang North Road Zhoushi Kunshan Jiangsu China"
GOLDEN ARROW PRINTING,"No. 379 Songjiang Gang Road Zhoushi Kunshan Jiangsu China"
GOLDEN ARROW PRINTING,"No. 299 Jinchang Road Zhoushi Kunshan Jiangsu China"
GUANGDONG ELLINGTON,"88 Gao Ping Chemical & Industrial Zone San Jiao Town Zhongshan Guangdong China"
HAMA NAKA SHOUKIN,"No. 1 Gaoding Road Kunshan Development Zone Kunshan Jiangsu China"
HENKEL,"No. 90 Zhu Jiang Road Yantai Economic Technological Development Zone Yantai Shandong"
KGAA,China
HENKEL,"No. 524 Anji East Road Sanzao Town Jin Wan Qu Zhuhai Guangdong China"
HENKEL,"Kirchheimer Str. 9 Bopfingan Germany"
HENKEL,"301 Washington Street Cannon Falls Minnesota United States"
HENKEL,"167 Batchelder Road Seabrook New Hampshire United States"
HI-P INTERNATIONAL,"No. 86 Liu Feng Road Wu Zhong District Suzhou Jiangsu China"
HI-P INTERNATIONAL,"No. 1 Hexing Road Economic Development Zone Nantong Jiangsu China"
HI-P INTERNATIONAL,"No. 77 Jinwen Road Zhuqiao Airport Industrial Zone Pudong New Area Shanghai China"
HI-P INTERNATIONAL,"No 96 and No 102 Jinwen Road Zhuqiao Airport Industrial Zone Pudong New Area"
HI-P INTERNATIONAL,"Blk 3 and 4 No. 955 Jinhai Road Shanghai China"
HIROSE ELECTRIC,"63-25 Nishiura Aisaricho Kitakami Iwate Japan"
HIROSE ELECTRIC,"509-36 Soejima Fuchumachi Toyama Japan"
HIROSE ELECTRIC,"46-3 Aza Nishi Niida Tagajo-shi Miyagi Japan"
HIROSE ELECTRIC,"3215 Shimoizawa Fuchumachi Toyama Japan"
HIROSE ELECTRIC,"21-2 Kubota Dai-2 Chiwariaza Akamae Miyako Iwate Japan"
HIROSE ELECTRIC,"2-31-1 Toyomane Yamadacho Shimoheigun Miyako Iwate Japan"
HIROSE ELECTRIC,"191-1 Oaza Urushikawa Aza Tamatsubaki Goshogawara Aomori Japan"
HIROSE ELECTRIC,"1261-10 Jeongwang-Dong Siheung Gyeonggi-Do Korea"
HITACHI,"1-9-2 Marunouchi Chiyoda Tokyo Japan"
HITACHI,"4-5 Kashiwabara Ishioka Ibaraki Japan"
HITACHI,"19-1 Minami-Suita 2-chome Osaka Japan"
HITACHI,"1240-2 Hashima-Cho Yasugi Shimane Japan"
FOXCONN,"Building 20 Intelligent Terminal Industrial Zone Xin Zheng Zhengzhou Henan China"
FOXCONN,"Wancheng Warehouse 203 No. 6 Hongmian Road Fu-tian Tax Free Zone Shenzhen"
FOXCONN,"East side of Zhen Xing Road Zhengzhou Airport District Zhengzhou Henan China"
FOXCONN,"Plot No.M-2B SIPCOT Industrial Park Phase II Hi-Tech SEZ DTA Area Chennai-Bangalore"
FOXCONN,"No. 99 Fuxing Avenue Xitang Town Jiashan Zhejiang China"
FOXCONN,"No. 689 Hezuo Road Chengdu High Technology Western Park Chengdu Sichuan China"
FOXCONN,"No. 35 Hua Bao North Road Cheng Xi Industrial Zone Chancheng District Foshan"
FOXCONN,"No. 2 2nd Donghuan Road Longhua Town Longhua New District Shenzhen Guangdong"
FOXCONN,"No. 1 Longfei Street Economy Technology Development Zone Taiyuan Shanxi China"
FOXCONN,"No. 9 Jianye East Road Torch Hi-Tech Development Zone Zhongshan Guangdong China"
FOXCONN,"No. 889 Fushikang Road High Technology Industry Park Kunshan Development Zone"
FOXCONN,"No. 888 Hezuo Road CDHT Western Park Chengdu Sichuan China"
FOXCONN,"No. 6 Sec. 2 Huandong Road Xinshi District Tainan Taiwan"
FOXCONN,"No. 299 Nan Song Road Yu Shan Town Kunshan Jiangsu China"
FOXCONN,"No. 1925 NanLe Road Songjiang Export Processing Zone Shanghai China"
FOXCONN,"No. 168 Fushikang Road Huai'an Economic Development Zone HuaiAn Jiangsu China"
FOXCONN,"No. 1216 Lanhua Road Jincheng Economic and Technology Development Zone Jincheng"
FOXCONN,"No. 1 GuangGu Second Road Dong Hu New Technical Development Zone Wuhan Hubei"
FOXCONN,"No 7 Workshop Export Processing District No. 9 Avenue Economy Technology Development"
FOXCONN,"Longhe Technology Industry Zone Southern Construction Road Anci District Langfang"
FOXCONN,"Industrial Distribution Center at Lankao County Kaifeng Henan China"
FOXCONN,"HuLing Industry Park HuangHe River Road Jiyuan Henan China"
FOXCONN,"Hongguan Science and Technology Park DaShuikeng Village Guanlan Street Guanlan"
FOXCONN,"General Bonded Zone East Zhenxing Road Zhengzhou Airport Zhengzhou Henan China"
FOXCONN,"Foxconn Technology Development Zone Hebi Henan China"
FOXCONN,"Foxconn Longhua Technology Park No. 2 2nd Donghuan Road 10th Yousong Industrial District"
FOXCONN,"Foxconn Guanlan Technology Park North site Dashuikeng Village Guanlan Town Bao'an"
FOXCONN,"Building 8 Foxconn Guanlan Technology Park B District DaSan Community Guanlan Town"
FOXCONN,"Baoyuan Technology Area DaShuiKeng GuanLan Town Longhua New Distict Shenzhen"
FOXCONN,"Avenida Caminho de Goias 100 Rodovia Anhanguera km 66 Bairro dos Fernandes Bloco B"
FOXCONN,"A01 Factory Zhengzhou Economic & Technological Area No. 9 street Export Processing Zone"
FOXCONN,"5650 Alliance Gateway Freeway Fort Worth Texas United States"
FOXCONN,"37 Street Dinh Tram Industry Zone Viet Yen Bac Giang Vietnam"
FOXCONN,"13301 Park Vista Boulevard Fort Worth Texas United States"
FOXCONN,"Intersection of Hefang Street and Xingyang Road 200 meters south Lankao County Kaifeng"
IBIDEN,"No. 1049 Jalan Perindustrian Bukit Minyak 8 Kawsan Perindustrian Bukit Minyak Penang"
IBIDEN,"3-200 Gama-cho Ogaki Gifu Japan"
IBIDEN,"100-1 Kasanui-cho Ogaki Gifu Japan"
II-VI,"2251 Newlins Mill Road Easton Pennsylvania United States"
II-VI,"1606 Rion Drive Champaign Illinois United States"
II-VI,"141 Mount Bethel Road Warren New Jersey United States"
INB ELECTRONICS,"Xiangshuihe Industrial Area Dayawan Development District Huizhou Guangdong China"
INB ELECTRONICS,"Chuangye Park Taihe County Ji'an Jiangxi China"
INB ELECTRONICS,"Building 2 Area 1 Industrial Area of Huaide Cuihai Fengtang Road Fuyong Street Shenzhen"
INFINEON TECHNOLOGIES,"Wernerwerkstr. 2 Regensburg Bavaria Germany"
INFINEON TECHNOLOGIES,"Siemensstrabe 2 Villach Oesterreich Austria"
INFINEON TECHNOLOGIES,"Lot 10 & 11 Kulim Hi-Tech Park Kedah Darul Aman Jalan Hi-Tech 7 Industrial Zone Phase II"
INFINEON TECHNOLOGIES,"Konigsbrucker Str. 180 Dresden Saxony Germany"
INFINEON TECHNOLOGIES,"Free Trade Zone Jalan Batu Berendam Batu Berendam Melaka Malaysia"
INTEL,"Rio Rancho Boulevard SE Rio Rancho New Mexico United States"
INTEL,"No. 8-1 Kexin Road High-Tech Zone (West Park) Chengdu Sichuan China"
INTEL,"New Industrial Area 2 Tzoran Street Kiryat Gat Israel"
INTEL,"Lot I2 Saigon Hi-Tech Park District 9 Ho Chi Minh Binh Duong Vietnam"
INTEL,"Collinstown Industrial Park Leixlip Ireland"
INTEL,"Bayan Lepas Industrial Park IV Penang Malaysia"
INTEL,"4500 South Dobson Road Chandler Arizona United States"
INTEL,"2501 NW 229th Avenue Hillsboro Oregon United States"
INTEL,"109 Huaihe East Road Dalian Liaoning China"
INTERFLEX,"600 Sunggok-dong Danwon-gu Ansan Gyeonggi-Do Korea"
INTRAMEDIA,"No. 11 Haiyi Road Ching Tou Village Chang'an Town Dongguan Guangdong China"
INTRAMEDIA,"188 & 189 Tangzhuang Road Suzhou Industrial Park Suzhou Jiangsu China"
INVENTEC,"No. 789 Puxing Road Minhang District Shanghai China"
JPOND INDUSTRY,"No. 71 Juxiang YiLu QiuFu Road Dalang Town Dongguan Guangdong China"
JPOND INDUSTRY,"No. 336 Honghu Road Penglang Town Kunshan Jiangsu China"
JABIL,"No. 97 National High-Tech Industrial Development Zone Wuxi Jiangsu China"
JABIL,"No. 84-2 Block B National Hi-Tech Industrial Development Zone Wuxi Jiangsu China"
JABIL,"No. 7 Yang Qing Road Lou Feng Demonstrative S.I.P Suzhou Jiangsu China"
JABIL,"No. 266 Sec. 1 Shen-Lin Road Ta Ya 428 Taichung Taiwan"
JABIL,"No. 21 Sai Da Shi Ji Road Xiqing Economic Development Zone Tianjin China"
JABIL,"No. 2073 Jincheng Road Shajing Street Bao’an District Shenzhen Guangdong China"
JABIL,"No. 1199 Hulin Road Huangpu District Guangzhou Guangdong China"
JABIL,"No. 1 Sec.3 Chuangxin Road Chongzhou Economic Development District Chengdu Sichuan"
JABIL,"No. 84-2. Block B National Hi-Tech Industrial Development Zone Wuxi Jiangsu China"
JABIL,"Lot J9 J10 Export Processing Zone Wuxi Jiangsu China"
JABIL,"Ganpi Village Zhenlong Town Huiyang District Huizhou Guangdong China"
JABIL,"No. 128 TongYuan Road Suzhou Industrial Park Suzhou Jiangsu China"
JAPAN AVIATION ELECTRONICS,"5-1 Oaza Seinofukuro 5-chome Hirosaki Aomori Japan"
JAPAN AVIATION ELECTRONICS,"4102-6 Aza Takadaishinden Oaza Izumida Shinjo Yamagata Japan"
JAPAN DISPLAY,"Xinyang Road Dengwu Village Qiaotou Town Dongguan Guangdong China"
JAPAN DISPLAY,"No. 1 Central Avenue Area B Kunshan Free Trade Zone Kunshan "
JAPAN DISPLAY,"First Road Dapianmei Village Dalingshan Town Dongguan Guangdong China"
JAPAN DISPLAY,"26-2 Yamadasenden Kawakita Nomi Ishikawa Japan"
JAPAN DISPLAY,"2480-1 Takematsu-machi Hakusan Ishikawa Japan"
JIANGSU CHANGJIANG,"No. 176-5 6 Ling Hua Lung Chun Chiung Lin Hsinchu Taiwan"
JIANGSU CHANGJIANG,"No. 78 Changshan Road Jiangyin Jiangsu China"
JIANGSU CHANGJIANG,"5 Yishun Street 23 Singapore"
JIANGSU CHANGJIANG,"2091 Gyeongchungdae-ro Bubal-ebu Icheon Gyeonggi-Do Korea"
JIANGSU CHANGJIANG,"191 Jayumuyeok-ro Jung-gu Incheon Gyeonggi-do Korea"
JILIN LIYUAN PRECISION,"No. 5729 Xining Road Liaoyuan Jilin China"
JINLONG MACHINERY,"Sinco Industrial Park Huai Bei Road Huai De District Humen Dongguan Guangdong China"
JINLONG MACHINERY,"Jingang Boulevard Jinlong Science & Technology Park Bei Baixiang Town Yueqing Wenzhou"
ELECTRONIC,"Zhejiang China"
JINLONG MACHINERY,"No. 7 Baiye Avenue Baiye Industrial City Liaobu Town Dongguan Guangdong China"
JONES TECH,"No. 199 Jinghui Dong Road Wuxi Jiangsu China"
JXTG HOLDINGS,"3 Kurami Samukawa Koza Kanagawa Japan"
KANTATSU,"No. 8 Xinlong Road Xinpu Economic Development Zone Lianyungang Jiangsu China"
KEMET,"No. 99 Yangpu Road Suzhou Jiangsu China"
KEMET,"No. 9 Rixin Road Xinglin Jimei Zone Xiamen Fujian China"
KEMET,"Lot 336 Batamindo Industry Park Jl. Gaharu Muka Kuning Nongsa Kota Batam Kepulauan"
KEMET,"Long Binh Techno Park (LOTECO) EPZ Long Binh Ward Bien Hoa Dong Nai Vietnam"
KEMET,"Av. las Americas 780 Ote. Colonia Victoria Tamaulipas Mexico"
KEMET,"78/2 Moo 1 Wellgrow Industrial Estate Bangna-Trad KM. 36 Road Homsil Bang Pakong"
KINSUS INTERCONNECT,"No. 526 Sec. 2 Jianxing Road Xinfeng Hsinchu Taiwan"
KINSUS INTERCONNECT,"No. 1245 Junghua Road Shin-Wu Shiang Taoyuan Taiwan"
KNOWLES,"Plot 104 Lebuhraya Kampung Jawa Bayan Lepas Industrial Estate Penang Malaysia"
KNOWLES,"No. 20 Chunxing Road Caohu Street XiangCheng Economic Development District Suzhou"
KUNSHAN KERSEN,"South side of Xinghui Road East side of Xinxing Road Kunshan Economic Development Zone"
SCIENCE & TECHNOLOGY,"Kunshan Jiangsu China"
KUNSHAN KERSEN,"No. 5. Weiliu Road Dong Tai Jiangsu China"
KUNSHAN KERSEN,"No 389 Kunjia Road Kunshan Jiangsu China"
KYOCERA,"8 Jing Ci Road New City District Shilong Town Dongguan Guangdong China"
KYOCERA,"5850 Higashine-koh ohaza Higashine Yamagata Japan"
KYOCERA,"3-11-1 Osachi Kohagi Okaya Nagano Japan"
KYOCERA,"1810 Taki-cho Satsumasendai Kagoshima Japan"
KYOCERA,"1166-1 Hebimizo-cho Higashiomi Shiga Japan"
KYOCERA,"1-1 Kokubuyamashita-cho Kirishima-shi Kagoshima Japan"
KYOCERA,"1 Mikata Ayabe Kyoto Japan"
LAIRD,"Building 1 Dejin Industrial Park Fuyuanyi Road Heping Community Fuyong Town Bao'an"
LAIRD,"Building No. 1-7 & 9 No. 8 Pengfeng Road Dakun Industry Park Songjiang District Shanghai"
LAIRD,"3rd Building No. 398 Yuandian Road Minhang District Shanghai China"
LAIRD,"28 Huanghe South Road Kunshan Economic & Tech Development Zone Kunshan Jiangsu"
LARGAN PRECISION,"No. 18 Tutong First Industrial District Tutong Changping Dongguan Guangdong China"
LARGAN PRECISION,"No. 11 Jingke Road Nantun District Taichung Taiwan"
LENS TECHNOLOGY,"Lens Technology Zone Liuyang Biomedical Industrial Estate Changsha Hunan China"
LENS TECHNOLOGY,"Huangxing Road Langli Town Changsha Hunan China"
LG CHEM,"Ochang Technology Park Oksan-myeon Nanchonri 1114-1 Chengwon Gun"
LG CHEM,"No. 17 HengYi Road Nanjing Economy & Technology Development Zone Nanjing Jiangsu"
LG CHEM,"29 Gwahaksaneop 3-ro Oksan-myeon Heungdeok-gu Cheongju Chungcheongbuk-Do"
LG DISPLAY,"No. 59 Kaitai Road Science City of Guangzhou High-Tech Industrial Development Zone"
LG DISPLAY,"No. 1 LG Road LG Industrial Park Nanjing Economic & Technology Development Zone"
LG DISPLAY,"No. 2 Beijing Middle Road Development Zone Yantai Shandong China"
LG DISPLAY,"No 283 JingLong Road Taimei Town Boluo County Huizhou Guangdong China"
LG DISPLAY,"245 LG-ro Wollong-myeon Paju Gyeonggi-Do Korea"
LG DISPLAY,"181 3gongdan 2-ro Gumi Gyeongsangbuk-do Korea"
LG INNOTEK,"Lot I-4 Trang Due Industrial Park An Duong District Hai Phong City Haiphong Vietnam"
LG INNOTEK,"93 2sunhwan-ro 971beon-gil Heungdeok-gu Cheongju Chungcheongbuk-Do Korea"
LG INNOTEK,"77 Sanho-daero Gumi Gyeongsangbuk-do Korea"
LG INNOTEK,"66 Suchul-daero 9-gil Gumi Gyeongsangbuk-do Korea"
LG INNOTEK,"50-9 Suchul-daero 7-gil Gumi Gyeongsangbuk-do Korea"
LG INNOTEK,"130-65 Sanho-daero Gumi Gyeongsangbuk-do Korea"
LITE-ON TECHNOLOGY,"Yi Ho Houng Bo Industrial City Lo Yang Town Bo Luo Hsien Huizhou Guangdong China"
LITE-ON TECHNOLOGY,"No. 8 Guangbao Road Science City Luogang Area Guangzhou Guangdong China"
LITE-ON TECHNOLOGY,"No. 11 Fuyuan Road Wuqing Development Area Tianjin China"
LITE-ON TECHNOLOGY,"No. 1 Zhen'an Road Shangjiao Section Chang'an Town Dongguan Guangdong China"
LITE-ON TECHNOLOGY,"No. 88 Yanghu Road Wujin Hi-Tech Industrial Development Zone Changzhou Jiangsu China"
LITE-ON TECHNOLOGY,"No. 6 Zhenye Road Dongjing Industrial Area Songjiang Shanghai China"
LITE-ON TECHNOLOGY,"Land Lot J7J8 WEPZ New District Wuxi Jiangsu China"
LITE-ON TECHNOLOGY,"Av. Torquato Tapajos 7891 Tarumã Manaus Brazil"
LITE-ON TECHNOLOGY,"59 Hong Jing Road Eastern Section GETDD Guangzhou Guangdong China"
LITE-ON TECHNOLOGY,"1-3/F Block 9 & 1F Block 8 Brightman Industrial Zone Busha Road Shenzhen Guangdong"
LONGWELL,"No. 19 2nd Industrial Avenue Tang Xia Chong Village Song Gang Town Paoan Ward"
LUEN FUNG GROUP,"No. 48/50 Ke Ji Road Yuquan Industrial District South Fenggang Town Dongguan"
LUMILEDS HOLDING,"No. 3 Lintang Bayan Lepas 8 Kawasan Perindustrian Bayan Lepas Fasa 4 Mukim 12 Bayan"
LUMILEDS HOLDING,"190 Yishun Avenue Singapore"
LUXSHARE PRECISION INDUSTRY,"No. 8 Yongyang Road National Economic and Technological Development Zone Chuzhou"
LUXSHARE PRECISION INDUSTRY,"No. 8 Ji’an Road Ji’an County Ji’an Jiangxi China"
LUXSHARE PRECISION INDUSTRY,"No. 399 Baisheng Road Kunshan Jiangsu China"
LUXSHARE PRECISION INDUSTRY,"No. 1 Lvyin Road Industrial Park Ji'an Jiangxi China"
LUXSHARE PRECISION INDUSTRY,"No. 288 Jindong Road Jinxi Town Kunshan Jiangsu China"
LUXSHARE PRECISION INDUSTRY,"No. 158 Jinchang Road Jinxi Town Kunshan Jiangsu China"
LUXSHARE PRECISION INDUSTRY,"Lot E Quang Chau Industrial Park Quang Chau Village Viet Yen District Viet Yen Bac Giang"
LUXSHARE PRECISION INDUSTRY,"D4 Building Jinyu Road Jinxi Town Kunshan Jiangsu China"
LY INVESTMENT,"The 1st Jingcheng two-way Yuyuan Industrial Part Huangjiang Town Dongguan Guangdong"
LY INVESTMENT,"Songgang Songfu Road Manhole District Sha Pu Wei Stone Leading East Park Shenzhen"
LY INVESTMENT,"No. 10 Yingbin Road Development Zone of Dongtai City Dong Tai "
LY INVESTMENT,"No. 1 Dongping Road Gonghe Town Heshan City jiangmen Chungli Guangdong China"
LY INVESTMENT,"No. 8 (6-10) Changping Road Huangdai Town Xiangcheng District Suzhou Jiangsu China"
LY INVESTMENT,"No. 2988 Taidong Road Huangdai Town Xiangcheng District Suzhou Jiangsu China"
LY INVESTMENT,"No. 13-1 Lijiang Road XinWu District Wuxi Jiangsu China"
LY INVESTMENT,"No. 1 Gaoxin Industrial Tiankeng Hengli Town Dongguan Guangdong China"
LY INVESTMENT,"No. 1 Yuyuan 3rd Road Yuyuan Industrial Park Huang Jiang Town Dongguan Guangdong"
LY INVESTMENT,"No 529 Siwei Road Economic Development Zone Chongzhou Chengdu Sichuan China"
LY INVESTMENT,"Economic Development Zone of Dongtai City Dong Tai Jiangsu China"
LY INVESTMENT,"Building A FengMenAo Technology Park FengMen Road BanTian LongGang District"
LY INVESTMENT,"Building 18 & 19 Smart Phone Industrial Park Airport Economy Zone Zhengzhou Henan"
LY INVESTMENT,"10th Jingba Road Economic Development Zone Dong Tai Jiangsu China"
LY INVESTMENT,"No. 2 Yuyuan Road No. 1 Yuyuan Indusctrial Park Huang Jiang Dongguan Guangdong China"
MARIAN,"Unit 5B B Area EPZ No. 158 Qiming Road Suzhou Industrial Park Suzhou Jiangsu China"
MARIAN,"Unit 1B Suchun Industrial Square 428 Xinglong Street Suzhou Industrial Park Suzhou"
MARIAN,"Floor 2 Building 3 Chaohuilou Technology Industrial Park 180 Huating Road Da Lang"
MAXIM INTEGRATED,"Gateway Business Park Special Export Processing Zone Baranggay Javalera Gen Trias"
PRODUCTS,"Cavite Philippines"
MAXIM INTEGRATED,"9651 Westover Hills Boulevard San Antonio Texas United States"
MAXIM INTEGRATED,"3725 N 1st Street San Jose California United States"
MAXIM INTEGRATED,"160 Rio Robles San Jose California United States"
MAXIM INTEGRATED,"14320 SW Jenkins Road Beaverton Oregon United States"
MERRY ELECTRONICS,"No. 800 Kang Yuan Road Xiang Cheng Economic Development Zone Suzhou Jiangsu China"
MICROCHIP TECHNOLOGY,"Vestre Rosten 79 Tiller Norway"
MICROCHIP TECHNOLOGY,"Unit 6 Mitchell Point Ensign Way Hamble-le-Rice Hampshire United Kingdom"
MICROCHIP TECHNOLOGY,"44306 Nantes Cedex 3 Nantes France"
MICROCHIP TECHNOLOGY,"ACP Building 102 Accuracy Drive Corner Excellence Ave Carmelray Industrial Park 1"
MICROCHIP TECHNOLOGY,"2325 Orchard Parkway San Jose California United States"
MICROCHIP TECHNOLOGY,"14 Moo 1 T. Wangtakien A. Muangchachemgsao Chachoengsao Thailand"
MICROCHIP TECHNOLOGY,"1150 E. Cheyenne Mountian Boulevard Colorado Springs Colorado "
MICRON TECHNOLOGY,"Zone B of Shanxi Xi'an Export Processing Zone Xin Xi Ave Xi'an "
MICRON TECHNOLOGY,"No. 88 Houke South Road Taichung Taiwan"
MICRON TECHNOLOGY,"No 429-1 Sanfong Road Houli District Central Taiwan Science Park Taichung Taiwan"
MICRON TECHNOLOGY,"7-10 Yoshikawa Kogyo Danchi Higashi Hiroshima Japan"
MICRON TECHNOLOGY,"667 Fuhsing 3rd Road HwaYa Technology Park Guishan Township Taoyuan Taiwan"
MICRON TECHNOLOGY,"990 Bendemeer Road Singapore"
MINEBEAMITSUMI,"Phnom Penh Special Economic Zone National Road 4 Sangkat Phleung Chhes Rotes Khan"
MINEBEAMITSUMI,"No. 5202 LianXi Road Jinze Town Qingpu District Shanghai China"
MINEBEAMITSUMI,"No. 2 Dayangzhou Road Qingdao West Coast Export Processing Zone Qingdao Shandong"
MINEBEAMITSUMI,"No. 1 Tongsheng Road Suzhou Industrial Park Suzhou Jiangsu China"
MINEBEAMITSUMI,"MRI Special Economic Zone Sabang Danao Cebu Philippines"
MINEBEAMITSUMI,"Ban Wa ( Hi-Tech) Industrial Estate 92 Moo 1 Tambon Banlen Bang Pa-In Ayutthaya Thailand"
MINEBEAMITSUMI,"5/2 Moo 8 Phaholyothin Road Km.149 Tambon Nikhom Sang Ton-Eng Amphoe Muang"
MINEBEAMITSUMI,"1007-39 Izumisawa Chitose Hokkaido Japan"
MOLEX,"No. 889 Ying Lun Road Wai Gao Qiao Free Trade Zone Shanghai China"
MOLEX,"700 Kingbird Road Lincoln Nebraska United States"
MOLEX,"3949-3 Kawanishi Kanoya Kagoshima Japan"
MOLEX,"2607 Jalan Perusahaan Kawasan Perindustrian Perai Penang Malaysia"
MOLEX,"1351-2 Sumiyoshi Yoshida Haibara-gun Shizuoka Japan"
MURATA MANUFACTURING,"Plot 15 Bemban Industrial Park Jalan Bemban Batu Gajah Perak Malaysia"
MURATA MANUFACTURING,"Ozowara Echizen-cho Nyu-gun Fukui Japan"
MURATA MANUFACTURING,"Northern Region Industrial Estate 63 Moo 4 Tambol Ban Klang Muang Lamphun Thailand"
MURATA MANUFACTURING,"No. 6 9A Road Bien Hoa Industrial Zone No. 2 Dong Nai Vietnam"
MURATA MANUFACTURING,"No. 6 Xingchuang 1st Road Wuxi Export Processing Zone B Zone Wuxi Jiangsu China"
MURATA MANUFACTURING,"No. 27 Changjiang Road New District Wuxi Jiangsu China"
MURATA MANUFACTURING,"Lo A1 Hoa Khanh Inductrial Zone Lien Chieu District Da Nang Vietnam"
MURATA MANUFACTURING,"Lishan Village Qianwu Town Doumen Zhuhai Guangdong China"
MURATA MANUFACTURING,"Land Lot No. 55 Long Jiang Industrial Park Tan Lap Ward Phuoc Tan District Tan Lap Ward"
MURATA MANUFACTURING,"Chi-53 Ohmachi Anamizu-Machi Housu Ishikawa Japan"
MURATA MANUFACTURING,"Chi-18 Sodanimachi Hakusan Ishikawa Japan"
MURATA MANUFACTURING,"93 Hikarimachi Komatsu Ishikawa Japan"
MURATA MANUFACTURING,"929-0101 Ishikawa-ken Nomi-shi Akaimachi Ha−86 Nomi Ishikawa Japan"
MURATA MANUFACTURING,"77 Fukumoto Oku-cho Setouchi Okayama Japan"
MURATA MANUFACTURING,"52 Yanagibashi Yanagibashimachi Hakui Ishikawa Japan"
MURATA MANUFACTURING,"4-1 Higashiokino 4-chome Higashiomi Shiga Japan"
MURATA MANUFACTURING,"345 Uwano Toyama Japan"
MURATA MANUFACTURING,"2308 Kaminaoe Hikawa-cho Izumo-City Shimane Japan"
MURATA MANUFACTURING,"2-82 1-chome Miyukicho Sabae Fukui Japan"
MURATA MANUFACTURING,"190 Kashiwagi Komoro Nagano Japan"
MURATA MANUFACTURING,"15 Cuijing Road Shenzhen Grand Industrial Zone Pingshan New District Shenzhen"
MURATA MANUFACTURING,"11-1 Nakae 4-chome Sanuma Hasama-cho Tome Miyagi Japan"
MURATA MANUFACTURING,"1020 Takibe Toyoshina Azumino Nagano Japan"
MURATA MANUFACTURING,"10-28 Hananomori 2-chome Awara Fukui Japan"
MURATA MANUFACTURING,"1 13-go Okamotocho Echizen Fukui Japan"
MURATA MANUFACTURING,"1 Tuas Road Singapore"
MYS GROUP,"MYS Qiaotou District East Industrial Park Qiaotou Dongguan "
MYS GROUP,"699 NanXiang Road WuJiang Economic Development Zone Suzhou Jiangsu China"
NANYA TECHNOLOGY,"No. 98 Nanlin Road Taishan Disti New Taipei City Taipei Taiwan"
NANYA TECHNOLOGY,"No. 338 Sec. 1 Nankan Road Taoyuan Taiwan"
NANYA TECHNOLOGY,"201 ChangJiang South Road Kunshan Economic & Technical Development Zone Kunshan"
NICHIA,"491 Oka Kaminaka-cho Anan Tokushima Japan"
NICHIA,"38-2 Kawamukoichi Ichiba Oasa-Cho Naruto Tokushima Japan"
NICHIA,"1-19 Tatsumi-Cho Anan Tokushima Japan"
NIDEC,"Street No. 18 Tan Thuan Export Processing Zone District 7 Ho Chi Minh Vietnam"
NIDEC,"71 North Road 2 Dongshen Tangxia Town Dongguan Guangdong China"
NIDEC,"136 North Science Avenue Extension Laguna Technopark Special Economic Zone Binan"
NIDEC,"12 HuanCheng North Road Hongye (138) Industrial District Tangxia Town Dongguan"
NISSHA,"Ro49-1 Uwagimachi Daishoji Kaga Ishikawa Japan"
NISSHA,"50 Kamiyobe Yobe-ku Himeji Hyogo Japan"
NISSHA,"1-2-2 Anotsudai Tsu city Mie Japan"
NISSHA,"1-1 Hinokigaoka Minakuchi-cho Koka Shiga Japan"
NITTO DENKO,"No. 1 Guangyuan 5th Road Guangming Hi-tech Park Shenzhen Guangdong China"
NITTO DENKO,"919 Fuke-cho Kameyama Mie Japan"
NITTO DENKO,"474 Hyeongok-Ri Cheongbuk-Myeon Pyeongtaek Gyeonggi-Do Korea"
NITTO DENKO,"455-6 Hongo Minogo-cho Onomichi Hiroshima Japan"
NITTO DENKO,"18 Hirayama Nakahara Toyohashi Aichi Japan"
NITTO DENKO,"1043 Gupo-dong Gumi Gyeongsangbuk-do Korea"
NOK,"No. 20 Dayou 1st Street Da-Liao District Kaohsiung Taiwan"
NOK,"No. 166-21 Liaozibu Madou Distict Tainan Taiwan"
NOK,"No. 1 Shuang Deng Road Weiting Town Suzhou Industrial Park Suzhou Jiangsu China"
NOK,"No. 48 Chung-Heng Street Hsiao-Kang District Kaohsiung Taiwan"
NOK,"No. 2006 Huang Yang Road Doumen Town Doumen District Zhuhai Guangdong China"
NOK,"560 Moo 2 Bangpa-in Industrial Estate Udomsorayuth Road T.Klong-Jik Bang Pa-In"
NOK,"2626-19 Sunayama Kamisu Ibaraki Japan"
NOK,"189198296 Moo 16 Bangpa-in Industrial Estate Udomsorayuth Road T.Bangkrasan Bang"
NOK,"1650-11-1 Okuhara-cho Ushiku Ibaraki Japan"
NOK,"1 Floor No. 22 XiangMing Road Xiang'an District Xiamen Fujian China"
NXP SEMICONDUCTORS,"10 Chin 5th Road NEPZ Kaohsiung Taiwan"
O-FILM TECH,"O-film Industrial Park Rule lake Avenue Linkong Economic Development Zone NanChang"
O-FILM TECH,"O-Film 2 Park Huangjiahu West Road Xinjian County NanChang "
O-FILM TECH,"No. 7 Shenzhou Road Science Park of GETDD Guangzhou Guangdong China"
O-FILM TECH,"No. 28 Gaoxin 2nd Road Hi-Tech Industry Development Zone NanChang Jiangxi China"
ON SEMICONDUCTOR,"Westerring 15 B-9700 Oudenaarde Belgium"
ON SEMICONDUCTOR,"Shin-Yokohama Chuo Building 2-100-45 Shin-yokohama Kohoku-ku Yokohama Kanagawa"
ON SEMICONDUCTOR,"Mactan Export Zone I Lapulapu Cebu Philippines"
ON SEMICONDUCTOR,"Lot 55 Senawang Industrial Estate Seremban Negeri Sembilan Malaysia"
ON SEMICONDUCTOR,"Lot 122 Senawang Industrial Estate Seremban Negeri Sembilan Malaysia"
ON SEMICONDUCTOR,"LIP SEPZ San Miguel Tarlac City Tarlac State Philippines"
ON SEMICONDUCTOR,"Gresham Fab 23400 NE Glisan Street Gresham Oregon United States"
ON SEMICONDUCTOR,"Golden Mile Business Park Special Economic Zone Governor's Drive Barrio Maduya"
ON SEMICONDUCTOR,"Crestwood Industrial Park 125 Crestwood Road MountainTop Pennsylvania United States"
ON SEMICONDUCTOR,"Bozeny Nemcove 1720 Roznov Pod Radhostem Czech Republic"
ON SEMICONDUCTOR,"Block A&B No. 110 Liuxiancun Road Xili Town Nanshan District Shenzhen Guangdong"
ON SEMICONDUCTOR,"420-711 82-3 Dodang-Dong Wonmi-District Bucheon Gyeonggi-Do Korea"
ON SEMICONDUCTOR,"333 Western Ave South Portland Maine United States"
ON SEMICONDUCTOR,"3000 Chiyakou Ojiya Niigata Japan"
ON SEMICONDUCTOR,"27A People West Road Leshan Sichuan China"
ON SEMICONDUCTOR,"2300 West Buckskin Road Pocatello Idaho United States"
ON SEMICONDUCTOR,"1401 N. Kings Road Nampa Idaho United States"
PAI SHING INTERNATIONAL,"No. 58 Jujin Avenue Biquan Street Bishan District Chongqing China"
PAI SHING INTERNATIONAL,"22 Xing Yang Road Tian Xin Qiao Tou Dongguan Guangdong China"
PANASONIC,"No. 86 Sunwu Road Xukou Wuzhong District Suzhou Jiangsu China"
PANASONIC,"No. 3 Bedok South Road Singapore"
PANASONIC,"No. 666 Lushan Road New District Suzhou Jiangsu China"
PANASONIC,"No. 49 Tokyo Road Free Trade Zone Qingdao Shandong China"
PANASONIC,"No. 1 Jalan Jemuju 16/13 Shah Alam Selangor Malaysia"
PANASONIC,"No. 1 Xinghua 5th Branch Xi Qing Economic Development Zone Tianjin China"
PANASONIC,"Kawasan Industri MM2100 Blok.O-1-1 Kecamatan Cikarang Barat Kabupaten Bekasi Jawa"
PANASONIC,"Jl.Teuku Umar Km 44 Clkarang Barat Bekasi Jawa Barat Indonesia"
PANASONIC,"Jalan Raya Jakarta Bogor Km 35 Kel. Sukamaju Baru Kec. Tapos Jawa Barat Indonesia"
PANASONIC,"401 Sadamasa Fukui Japan"
PANASONIC,"4-5-1 Kurihara Myoko Niigata Japan"
PANASONIC,"271 Higashi Kaihatsu Tonami Toyama Japan"
PANASONIC,"25 Kowata Nishinaka Uji Kyoto Japan"
PANASONIC,"217 Omachi-cho Omachi Saga Japan"
PANASONIC,"1111-1 Shimokannuki - Kawanabe Tsuyama Okayama Japan"
PANASONIC,"1037-2 Kamiosatsu Chitose Hokkaido Japan"
PEGATRON,"West of Rose Road and South of Bailing Road Kunshan Development Area Kunshan Jiangsu"
PEGATRON,"No. 88 Tinghua Road Tinlin Town Jinshan District Shanghai China"
PEGATRON,"No. 5 Shing Yeh Street Kwei Shan Hsiang Taoyuan Taiwan"
PEGATRON,"No. 3768 XiuYan Road Kang Qiao Town PuDong New District Shanghai China"
PEGATRON,"No. 3668 XiuYan Road KangQiao Town PuDong New District Shanghai China"
PEGATRON,"No. 113 Lane171 Lin-sheng Road Tinglin Town Jinshan District Shanghai China"
PEGATRON,"No. 89 Changjiang Road Jiashan Economic Development Zone Jiaxing Zhejiang China"
PEGATRON,"No. 88 Kaedar Road Kunshan High-tech Industrial Park Kunshan "
PEGATRON,"No. 3636 Shengang Road Xinqiao Town Songjiang Industrial Zone Shanghai China"
PEGATRON,"No. 357 Jinfeng Road New District Suzhou Suzhou Jiangsu China"
PEGATRON,"No. 1168 Ronghua Road Songjiang Export/Import Park Shanghai China"
PEGATRON,"Na Rovince 862 720 00 Ostrava Hrabova Czech Republic"
PEGATRON,"Kai Sheng Industrial Zone Yan Cai Road Ting Hu District Yancheng Jiangsu China"
PEGATRON,"Bailing Road Southside Meigui Road Westside Kunshan Jiangsu China"
PEGATRON,"750E Chai Chee Road No. 07-303 Viva Business Park Singapore"
PEGATRON,"670 Gasan-dong Geumcheon-gu Seoul Korea"
PEGATRON,"5F Sagawa Tokyo Logistics Center 2-2-11 Shinsuna Koto-ku Tokyo Japan"
PEGATRON,"3011 Laguna Boulevard Elk Grove California United States"
PHONE IN MAG-ELECTRONICS,"No. 899 Mingshu Road Yinzhou District Ningbo Zhejiang China"
PHONE IN MAG-ELECTRONICS,"No. 30-8 Dongwaihuan Road High-Tech Development Zone Xinyang Henan China"
PHONE IN MAG-ELECTRONICS,"3rd Industrial Zone Sijia Village ShiJie Town Dongguan Guangdong China"
PIONEER MATERIAL PRECISION,"No. 999 Avenue of Stars Phoenix Lake Industrial Park Yongchuan District Chongqing China"
PIONEER MATERIAL PRECISION,"No. 45 Nan Hu Road Wuzhong Economic Development Zone Suzhou Jiangsu China"
PIONEER MATERIAL PRECISION,"No. 1 Jiao Ping Avenue Ke Yuan Cheng Industrial Park Tangxia Town Dongguan Guangdong"
TECH,China
POSCO,"603 Seonggok-dong Danwon-gu Ansan Gyeonggi-Do Korea"
POSCO,"6261 Donghaean-ro Nam-gu Pohang-si Chilgok-gun Gyeongsangbuk-do Korea"
PRIMAX ELECTRONICS,"No. 2688 Tong Xin Road Yu Shan Town Kunshan Jiangsu China"
PRIMAX ELECTRONICS,"Er Village Liu Wu District Shek Kit Town Dongguan Guangdong China"
QORVO,"Zona Franca Metropolitana Barreal De Heredia Apartado 144-3006 Haredia Costa Rica"
QORVO,"No. 6868 Dongfanghong East Road DeZhou Economic & Technology Development Area"
QORVO,"7628 Thorndike Road Greensboro North Carolina United States"
QORVO,"500 W. Renner Road Richardson Texas United States"
QORVO,"2300 N.E. Brookwood Parkway Hillsboro Oregon United States"
QORVO,"1818 S. Orange Blossom Trail Apopka Florida United States"
QORVO,"17 Middle Tongji Road Beijing China"
QUADRANT SOLUTIONS,"No. 55 Xiacheng Road Tonglu Hangzhou Zhejiang China"
QUALCOMM,"Siemensstrasse 43 Deutschlandsberg Austria"
QUALCOMM,"No. 17 Xi Shi Road Xin Wu District Wuxi Jiangsu China"
QUALCOMM,"Anzinger Strasse 13 Munich Germany"
QUALCOMM,"166 Kallang Way Singapore"
QUANTA COMPUTER,"No. 18 Zongbao Road Shapingba District Chongqing China"
QUANTA COMPUTER,"No. 8 Jinzhou Road High-tech Industrial Park Changshu Economic Development Zone"
QUANTA COMPUTER,"No. 5-6 Lane 8 SanZhuang Road SongJiang Export Processing Zone Shanghai China"
QUANTA COMPUTER,"No 68 Sanzhuang Road Songjiang Export Processing Zone Shanghai China"
QUANTA COMPUTER,"44350 Nobel Drive Fremont California United States"
RR DONNELLEY & SONS,"No. 888 Ganghua Road North Area of Chengdu Modern Industrial Park Pixian Chengdu"
COMPANY,"Sichuan China"
RR DONNELLEY & SONS,"No. 7699 Songze Avenue Qingpu Industrial Zone Shanghai China"
RR DONNELLEY & SONS,"No. 28 Huang Sha He West Road Xin Jiu Wei Village Liaobu Town Dongguan Guangdong"
COMPANY,China
RR DONNELLEY & SONS,"No. 128 Chensong Road Kunshan High and New Technology Industrial Development Zone"
COMPANY,"Kunshan Jiangsu China"
RR DONNELLEY & SONS,"Business Center Chrastany Praha Západ Czech Republic"
RADIANT OPTO-ELECTRONICS,"No. 35 Hengtong Road Nanjing Economic & Technology Development Zone Nanjing"
RADIANT OPTO-ELECTRONICS,"No. 1621 Jiang Xin East Road Economic Developing Area Wujiang Jiangsu China"
RADIANT OPTO-ELECTRONICS,"No. 11 Xinrui Road Science City of Guangzhou High-Tech Industrial Development Zone"
RENESAS ELECTRONICS,"Lot 54. Kulim Industrial Estate Sungai Seluang Kulim Kedah Malaysia"
RENESAS ELECTRONICS,"Horiguchi 751 Hitachi-Naka Ibaraki Japan"
RENESAS ELECTRONICS,"Bayan Lepas Free Industrial Zone Bayan Lepas Penang Malaysia"
RENESAS ELECTRONICS,"9-1 Seiran 2-Chome Otsu Shiga Japan"
RENESAS ELECTRONICS,"89 Nagasaki Shiranui-cho Uki Kumamoto Japan"
RENESAS ELECTRONICS,"176 JinJiHuLu Suzhou Industrial Park Suzhou Jiangsu China"
RENESAS ELECTRONICS,"1753 Shimonumabe Nakahara-ku Kawasaki Kanagawa Japan"
RENESAS ELECTRONICS,"111 Nishiyokote-machi Takasaki Gunma Japan"
RISUNTEK,"Jiuwei Industrial Zone Qishi Town Dongguan Guangdong China"
ROBERT BOSCH,"Tuebinger Strasse 123 Reutlingen Germany"
ROHM,"No. 7 Weisan Road Micro-Electronic Industrial Park Jingang Highway Xiqing District Tianjin"
ROHM,"Lot 1320 Kawasan Perindustrian Pengkalan Chepa II Padang Tembak Kota Bharu Kelantan"
ROHM,"Block 3 and Block 5 People's Avenue People's Technology Complex Special Economic Zone"
ROHM,"883 Oaza-Kamikitajima Chikugo Fukuoka Japan"
ROHM,"837-1 Aza-Hatakeda Oaza-Inado Yukuhashi Fukuoka Japan"
ROHM,"727 Kihara Kiyotake-cho Miyazaki Japan"
ROHM,"40 Munpyeongseo-ro 17 Beonan-gil Daedeok-gu Daejeon Korea"
ROHM,"21 Saiinmizosakicho Ukyo Ward Kyoto Japan"
ROHM,"1164-2 Hiyoshi Oaza Hirokawa-cho Yame Fukuoka Japan"
ROHM,"101/94 102 Navanakorn Industrial Zone Moo 20 Phaholyothin Road Tambol Khlong-Nueng"
ROHM,"100 Tomioka Kasaoka Okayama Japan"
SABIC INNOVATIVE PLASTICS,"No. 56 Road AiDu Waigaoqiao Free Trade Zone Shanghai China"
SABIC INNOVATIVE PLASTICS,"No. 1 Sulia Road Nansha Panyu District Guangzhou Guangdong China"
SABIC INNOVATIVE PLASTICS,"1 Lexan Lane Mount Vernon Indiana United States"
SALCOMP,"Salcomp Road No. 69 Furong Industrial Area Xinqiao Shajing Bao'an District Shenzhen"
SALCOMP,"Nokia Telecom SEZ SIPCOT Industrial Park Sriperumbudur Chennai Tamilnadu India"
SALCOMP,"Avenida dos Oitis 4145 Distrito Industrial Manaus Brazil"
SAMSUNG ELECTRONICS,"Yen Phong I Industrial Zo Yen Trung Commune Yen Phong District Bac Ninh Vietnam"
SAMSUNG ELECTRONICS,"San No. 16 Banwol-dong Hwaseong Gyeonggi-Do Korea"
SAMSUNG ELECTRONICS,"Samsung Street 181 Tangjeong-Myeon Asan Chungcheongnam-do Korea"
SAMSUNG ELECTRONICS,"No. 337 Felingli Street Suzhou Industrial Park Suzhou Jiangsu China"
SAMSUNG ELECTRONICS,"465 Beonyeong-ro Seobuk-gu Cheonan Chungcheongnam-do Korea"
SAMSUNG ELECTRONICS,"318 Fang Zhou Road Suzhou Industrial Park Suzhou Jiangsu China"
SAMSUNG ELECTRONICS,"144 Samsung-ro Godeok-myun Pyeongtaek-si Yongin Gyeonggi-do Korea"
SAMSUNG ELECTRONICS,"12100 Samsung Boulevard (Cu FAB 3F) Austin Texas United States"
SAMSUNG ELECTRONICS,"1 Samsung-ro Giheung-gu Yongin Gyeonggi-Do Korea"
SAMSUNG ELECTRONICS,"158 Baebang-Ro Baebang-eup Asan Chungcheongnam-do Korea"
SAMSUNG SDI,"No. 1 Weisan Road Micro-Electronics Industrial Park Xiqing District "
SAMSUNG SDI,"No. 1 Qingling Road Yat-Sen Scientific Industrial Park Wuqing Development Zone Tianjin"
SAMSUNG SDI,"Block 5 Calamba Premiere International Park Barangay Batino Calamba Laguna Philippines"
SAMSUNG SDI,"333 Noksansaneopjung Road Kanggeo-gu Busan Korea"
SAMSUNG SDI,"27 Heiniucheng Road Tianjin China"
SEIKO ADVANCE,"1575 Negane Hasuda Saitama Japan"
SEKISUI CHEMICAL,"No. 718 Guangzhong Road Xinzhuang Industry Park. Minhang "
SEOUL SEMICONDUCTOR,"97-11 Sandan-ro 163 Danwon-gu Ansan Gyeonggi-Do Korea"
SHANDONG INNOVATION,"East End of Huixian 4th Road Gaoxin Subdistrict ZouPing Shandong China"
SHARP,"No. 7 VSIP II Street 7 Vietnam-Singapore Park II Hoa Phu Ward Ho Chi Minh Binh Duong"
SHARP,"No 21 Zhujiang Road Wuxi National High and New Tech Industrial Development Zone Wuxi"
SHARP,"A2 Facility B22 -A Land Plot Wuxi National High and New Tech Industrial Development Zone"
SHARP,"646-7 Shiraki Isshiki Seki-cho Kameyama Mie Japan"
SHARP,"464 Kohgawa Shiraki-cho Kameyama Mie Japan"
SHENZHEN DESAY,"No. 6 Zhongkai Hightech Industrial Development Zone Huizhou Guangdong China"
SHENZHEN DESAY,"Huizhou Zhongkai Hightech Industrial Development Zone Huizhou Guangdong China"
SHENZHEN FORTUNTA,"Xiaozulongsheng Xiegang Xinwei Village Caole Town Dongguan Guangdong China"
SHENZHEN FORTUNTA,"NiuJiaoLong TianRun Industrial Park Zhangkengjing Guanlan Bao'an District Shenzhen"
TECHNOLOGY,"Guangdong China"
SHENZHEN SUNWAY,"No. 463 Nanhuan Road Shajing Town Bao’an District Shenzhen Guangdong China"
SHENZHEN SUNWAY,"No. 14 Jinxiu Street BDA Beijing China"
SHENZHEN SUNWAY,"No. 1036 Chenfeng Road Economic Development Zone Jintan District Changzhou Jiangsu"
COMMUNICATION,China
SHENZHEN SUNWAY,"No. 1013 Xihuan Road Shajing Town Bao'an District Shenzhen Guangdong China"
SHENZHEN YUTO,"Que Vo Industrial Park Phuong Lieu Ward Bac Ninh Vietnam"
SHENZHEN YUTO,"No. 190 Gongxiang Road Qiandeng Town Kunshan Jiangsu China"
SHENZHEN YUTO,"No. 125 Lianhe Road Qiandeng Town Kunshan Jiangsu China"
SHENZHEN YUTO,"No. 1 Shihuan Road Shuitian Industrial Area Shilongzai Shiyan Town Shenzhen Guangdong"
SHENZHEN YUTO,"No. 78/2 79 and 82 Iggalur Village Bangalore Karnataka India"
SHENZHEN YUTO,"No. 682 ChongAn Road Economic Development Zone Chong Zhou City Chengdu Sichuan"
SHENZHEN YUTO,"No. 468 LuChang Road ShiPu District QianDeng Town Kunshan "
SHENZHEN YUTO,"Industry Hatch Area Zhongduan Industry Cluster District Weiwu Road Changge Henan"
SHIN ZU SHING,"No. 174 Jyunying Street Shulin District Taipei Taiwan"
SIMPLO TECHNOLOGY,"No. 2 Dongnan Avenue Changshu Jiangsu China"
SK HYNIX,"V2-4/02 Plot Xiyong Comprehensive Bonded Area B Zone Shapingba Chongqing China"
SK HYNIX,"Lot K7 Wuxi Export Processing Zone Wuxi Jiangsu China"
SK HYNIX,"215 Daesin-ro Heungdeok-gu Cheongju Chungcheongbuk-Do Korea"
SK HYNIX,"2091 Gyeongchung-daero Bubal-eub Icheon Gyeonggi-Do Korea"
SKYWORKS SOLUTIONS,"Calzada Gomez Morin 1690 Colonia Rivera CP Mexicali Baja California Mexico"
SKYWORKS SOLUTIONS,"3 Bedok South Road Singapore"
SKYWORKS SOLUTIONS,"2427 West Hillcrest Drive Newbury Park California United States"
SKYWORKS SOLUTIONS,"20 Sylvan Road Woburn Massachusetts United States"
SKYWORKS SOLUTIONS,"1006 Oaza Kadoma Kadoma Osaka Japan"
SKYWORKS SOLUTIONS,"1-2-150 Hirabayashi-Kita Osaka Japan"
SMK,"20-9 Ishi Juo-Cho Hitachi Ibaraki Japan"
SMK,"1st East Turning Zhenxing Road Gaobu Town Dongguan Guangdong China"
SMK,"1-5 Floor Section 3 Building 1 Honghualing Industrial South area Xili Town Nanshan District"
SMK,"1-1 Yasuuchi Yatsuo-Machi Toyama Japan"
SOLVAY,"Jiangsu High-Tech Fluorochemical Industrial Park Haiyu Town Changshu Jiangsu China"
SOLVAY,"Industriepark de Bruwaan 9 9700 Oudenaarde Belgium"
SOLVAY,"17005 State Route 7 Marietta Ohio United States"
SONY,"5-1 Noguchi Kita Kokubu Kirishima-shi Kagoshima Japan"
SONY,"1883-43 Tsukubamachi Isahaya Nagasaki Japan"
SONY,"1-11-73 Takarada Tsuruoka Yamagata Japan"
STMICROELECTRONICS,"Via C. Olivetti 2 Agrate Brianza Italy"
STMICROELECTRONICS,"No. 9 Mountain Drive Light Industry & Science Park II La Mesa Calamba Laguna Philippines"
STMICROELECTRONICS,"Industry Road Kirkop Malta"
STMICROELECTRONICS,"850 rue Jean Monnet Crolles France"
STMICROELECTRONICS,"629 Lorong 4/6 Toa Payoh Singapore"
STMICROELECTRONICS,"28 Ang Mo Kio Industrial Park 2 Singapore"
STMICROELECTRONICS,"190 Avenue Celestin Coq Zone Industrielle Rousset France"
STMICROELECTRONICS,"16 rue Pierre et Marie Curie Tours France"
STMICROELECTRONICS,"16 Tao Hua Road Futian Free Trade Zone Shenzhen Guangdong China"
STORA ENSO,"No. 28 Wuyi Road Jiashan Zhejiang China"
STORA ENSO,"No. 1299 Feng'an Road Qian'an Hebei China"
STORA ENSO,"LvHua North Road DiYong Village Gaobu Town Dongguan Guangdong China"
STORA ENSO,"No. 198 South Fenglin Road Wujin National Hi-tech Industrial Zone Changzhou Jiangsu"
SUMIDA,"Tai Xin Road Humen Town Dongguan Guangdong China"
SUMIDA,"Electronic Information Industrial Pioneer Park Deshan Economic Development District"
SUMIDA,"Economic & Industrial Development Zone Kou Shui Heng Village Shi Qi Town Panyu District"
SUMITOMO CHEMICAL,"61 Xinmei Road Bin Hu Qu Wuxi Jiangsu China"
SUMITOMO CHEMICAL,"1-1 Ooe Niihama Ehime Japan"
SUMITOMO ELECTRIC,"C-6 Thang Long Industrial Park Dong Anh District Hanoi Vietnam"
SUMITOMO ELECTRIC,"Building B No. 20 Song Tang Road Tong Fu Yu Industrial Area Tang Xia Chong Songgang"
INDUSTRIES,"Bao'an Shenzhen Guangdong China"
SUMITOMO ELECTRIC,"Ampere St. Cor. Main Avenue Light Industry & Science Park 1 Special Export Processing"
INDUSTRIES,"Zone Bo. Diezmo. Cabuyao Laguna Philippines"
SUMITOMO ELECTRIC,"4-4-98 Kita Inter Kogyou Danchi Ken Hachinohe Aomori Japan"
SUMITOMO ELECTRIC,"30 Hinokigaoka Minakuchi-Cho Kouga-shi Shiga Japan"
SUNREX TECHNOLOGY,"No. 508 Guo Dao Road Fenhu Economic Development Zone Luxu Town Wujiang Jiangsu"
SUNWODA ELECTRONIC,"No. 2 Yihe Road Shilong Community Shiyan Street Bao’an District Shenzhen Guangdong"
SUNWODA ELECTRONIC,"D228 OPP. Dainik Jagran Sector-63 Noida Uttar Pradesh India"
SUZHOU ANJIE TECHNOLOGY,"No. 8 Fujin Road Guangfu Town Wuzhong District Suzhou Jiangsu China"
SUZHOU DONGSHAN,"Smart Terminal Industrial Park High Technology of Yandu District Yancheng Jiangsu China"
SUZHOU DONGSHAN,"No. 88 Tang Dong Road River Eastern Industrial Park Wuzhong Economic Development Zone"
PRECISION MANUFACTURING,"Suzhou Jiangsu China"
SUZHOU DONGSHAN,"No. 68 Nanhu Road Dongwu Industrial Park Wuzhong Economic Development Zone Suzhou"
PRECISION MANUFACTURING,"Jiangsu China"
SUZHOU DONGSHAN,"No. 328 Suwang Road Wuzhong District Suzhou Jiangsu China"
SUZHOU DONGSHAN,"No. 3019 Haizang West Road Luzhi Town Wuzhong District Suzhou Jiangsu China"
SUZHOU ZHONGJIEMAI PANEL,"No. 2006 East Taihu Road Hengjing Street WuZhong District Suzhou Jiangsu China"
SWIFTRONIC HOLDING,"Yi He Road No. 2 Shi Yan Street Bao'an Shenzhen Guangdong China"
SWIFTRONIC HOLDING,"D Building No. 875 Qiuxing Road NiCheng Industrial Park LinGang Puding Shanghai China"
TAISHAN CITY KAM KIU,"Shiqiao Industrial Zone Dajiang Town Taishan Guangdong China"
TAIWAN HODAKA TECHNOLOGY,"No. 2 Huandong Road Section 1 Sinshih District Tainan Taiwan"
TAIWAN SEMICONDUCTOR,"No. 9 Creation Road I Hsinchu Science Park Hsinchu Taiwan"
TAIWAN SEMICONDUCTOR,"No. 121 Park Ave. III Hsinchu Science Park Hsinchu Taiwan"
TAIWAN SEMICONDUCTOR,"No. 1 Nan-Ke North Road Tainan Science Park Tainan Taiwan"
TAIWAN SEMICONDUCTOR,"No. 1 Keya 6th Road Taichung Taiwan"
TAIWAN SEMICONDUCTOR,"Fab 12 No. 8 Li-Hsin Road 6 Hsinchu Science Park Hsinchu Taiwan"
TAIWAN SEMICONDUCTOR,"5509 North West Parker Street Camas Washington United States"
TAIWAN SEMICONDUCTOR,"3 Section 2 Huanxi Road Tainan Science Park Tainan Taiwan"
TAIWAN SEMICONDUCTOR,"168 Park Avenue II Hsinchu Science Park Hsinchu Taiwan"
TAIWAN SEMICONDUCTOR,"101 Longyuan 6th Road Longtan Dist Taoyuan Taiwan"
TAIWAN SEMICONDUCTOR,"1-1 Nan-Ke North Road Tainan Science Park Tainan Taiwan"
TAIYO YUDEN,"No. 13 Keji Dong Road Shi Jie Town Dongguan Guangdong China"
TAIYO YUDEN,"Mactan Economic Zone Lapulapu Cebu Philippines"
TAIYO YUDEN,"Lot 977 Block 12Sama Jaya Free Industrial Zone Kuching Sarawak Malaysia"
TAIYO YUDEN,"4026-22 Inanbar Inami-cho Hidaka-gun Wakayama Japan"
TAIYO YUDEN,"1988 Nakanojo Nakanojo-machi Agatsuma-gun Gunma Japan"
TAIYO YUDEN,"197-8 Kamiyoshi Kubiki-ku Joetsu Niigata Japan"
TAIYO YUDEN,"1796-1 Kawai Tamamura-machi Sawa-gun Gunma Japan"
TAIYO YUDEN,"1660 Kamisatomi-machi Takasaki Gunma Japan"
TAIYO YUDEN,"116 Bangji-Ri Sanam-Myun Sachon Gyeongsangnam-do Korea"
TDK,"No. 8 Xingguo Road Jiaoshe Village Dongkeng Town Dongguan Guangdong China"
TDK,"No. 68 West Huaihe Road Dalian Economic & Technical Development Zone Dalian Liaoning"
TDK,"No. 321-339 Tongi South Road Jimei District Xiamen Fujian China"
TDK,"No. 16 Tonghe Road Pingdu City Qingdao Shandong China"
TDK,"No. 1 XingGang Road ZhangWan Town Ningde Fujian China"
TDK,"Lianfeng Lu Free Trade Zone Zhuhai Guangdong China"
TDK,"99-19 Aza-Meiji Oaza-Miyaumi Sakata Yamagata Japan"
TDK,"97 Aza Aburada Yamada Tsuruoka Yamagata Japan"
TDK,"689 Zhen An Road Conrad Hi-Tech Park Changan Town Dongguan Guangdong China"
TDK,"543 Otai Saku Nagano Japan"
TDK,"2435 Alpine Road Eau Claire Wisconsin United States"
TDK,"226 Xing Hai Street Suzhou Industrial Park Suzhou Jiangsu China"
TDK,"1F 9 Prosperity 1st Road Hsinchu Taiwan"
TDK,"160 Miyazawa Minami Alps Yamanashi Japan"
TDK,"146-1 Haraikawa Ohuchi-Sankawa Yurihonjo Akita Japan"
TDK,"130 Aza Juninomae Konoura Nikaho Akita Japan"
TDK,"106-163 2 Goto Waga-machi Kitakami Iwate Japan"
TDK,"1-6 Manganji Yurihonjo-city Yurihonjo Akita Japan"
TDK,"1 West Industrial Road North Industrial Park SongShan Lake Dongguan Guangdong China"
TEXAS INSTRUMENTS,"Peza Loakan Road Baguio Benguet Philippines"
TEXAS INSTRUMENTS,"No. 8010 Kexin Road Hi-Tech Comprehensive Free Trade Zone Chengdu Sichuan China"
TEXAS INSTRUMENTS,"Haggertystrasse 1 Freising Bavaria Germany"
TEXAS INSTRUMENTS,"Clark Freeport Zone Gil Puyat Avenue Angeles Pampanga Philippines"
TEXAS INSTRUMENTS,"5 Foden Road South Portland Maine United States"
TEXAS INSTRUMENTS,"3601 Alma Road Richardson Texas United States"
TEXAS INSTRUMENTS,"2350 Kihara Miho-mura Inashiki-gun Miho Ibaraki Japan"
TEXAS INSTRUMENTS,"2 Takaku-Kogyodanchi Aizuwakamatsu Fukushima Japan"
TEXAS INSTRUMENTS,"142 Sec. 1 Hsin Nan Road Chung Ho City Taipei Taiwan"
TEXAS INSTRUMENTS,"13536 N. Central Expressway Dallas Texas United States"
TEXAS INSTRUMENTS,"13532 N. Central Expressway Dallas Texas United States"
TEXAS INSTRUMENTS,"13121 TI Boulevard Dallas Texas United States"
TEXAS INSTRUMENTS,"13011 TI Boulevard Dallas Texas United States"
TEXAS INSTRUMENTS,"1 Lorong Enggang 33 Ampang Kuala Lumpur Malaysia"
THE CHEMOURS,"Route 130 Salem New Jersey United States"
THE CHEMOURS,"DuPont Road New Johnsonville Tennessee United States"
THE CHEMOURS,"Baanhoekweg 22 Dordrecht Netherlands"
THE CHEMOURS,"7685 Kiln-DeLisle Road Pass Christian Massachusetts United States"
THE CHEMOURS,"1201 Olmstead Lane Cortland Ohio United States"
TK GROUP,"Building G TK Technology Park Tang Jia Village Guang Ming New District Shenzhen"
TONGDA GROUP,"No. 88 Dingshan Road Haicang District Xiamen Fujian China"
TOSHIBA,"800 Yamonoisshiki-Cho Yokkaichi Mie Japan"
TOSHIBA,"3500 Oaza Matsuoka Oita Japan"
TOSHIBA,"300 Ikaruga Taishi-cho Ibo-Gun Hyogo Japan"
TOSHIBA,"1-1 Iwauchi-machi Nomi Ishikawa Japan"
TOYO RIKAGAKU KENKYUSHO,"No. 188 Gaoding Road Kunshan Economic & Technical Development Zone Kunshan Jiangsu"
TOYO RIKAGAKU KENKYUSHO,"No. 1448 Honghu Road KunShan Economic & Technical Development Zone Kunshan"
TOYO RIKAGAKU KENKYUSHO,"777 Honghu Road Kunshan Economic & Technical Development Zone Kunshan Jiangsu"
TPK HOLDING,No. 199 Ban Shang Road Information & Photoelectricity Park of Xiamen Torch Hi-Tech
TRINSEO,"No. 17 Renjen Road Hsinchu Industrial Park Hukou Hsinchu Taiwan"
TRIOTEK TECHNOLOGY,"No. 5 Huanshi North Road Tangxia Town Dongguan Guangdong China"
TRIPOD TECHNOLOGY,"No. 68 East 3rd FuRong Road Development Zone Xishan District Wuxi Jiangsu China"
TSUJIDEN,"57-23 Azagomajiri Hattandago Higashisonogi Nagasaki Japan"
TSUJIDEN,"1313-168 Masuragaharamachi Omura Nagasaki Japan"
TTM TECHNOLOGIES,"No. 200 Jiang Tian Dong Road East Song Jiang Industrial Zone "
TTM TECHNOLOGIES,"No. 1 Xinle Road Science City Hi-Tech Industrial Development Zone Guangzhou Guangdong"
TTM TECHNOLOGIES,"No. 685 Lian Yang Road SongJiang Industrial Zone Shanghai China"
TTM TECHNOLOGIES,"No 238 Shanhu Road Niushan Foreign Economy Industrial Zone Dongcheng District"
UACJ,"No. 99 Shaojing Road Kunshan Economical Technology Development Zone Kunshan"
UACJ,"3-1-12 Chitose Minato-ku Nagoya Aichi Japan"
UNIMICRON TECHNOLOGY,"No. 21 Lane 470 Section 2 Nanshan Road LuChu Township Taoyuan Taiwan"
UNIMICRON TECHNOLOGY,"No. 38 Xingbang Road Guishan Industrial Park Taoyuan Taiwan"
UNIMICRON TECHNOLOGY,"No. 177 Shan Ying Road Kwei Shan Industrial Park Taoyuan Taiwan"
UNIMICRON TECHNOLOGY,"No. 160 Fengli Street Suzhou Ind. Park Suzhou Jiangsu China"
UNIMICRON TECHNOLOGY,"No. 10-1 Renyi Road Hsinchu Ind. Park Hsinchu Taiwan"
UNIMICRON TECHNOLOGY,"573-19 Toiso Eniwa Hokkaido Japan"
UNISTEEL TECHNOLOGY,"No. 988 Shang Xue Road Malu Town Jia Ding District Shanghai China"
UNISTEEL TECHNOLOGY,"No. 358 Fengmao Road Malu Town Jiading District Shanghai China"
UNITECH PRINTED CIRCUIT,"No. 3 Lane 4 Chungshan Road Tucheng City Taipei Taiwan"
UNITECH PRINTED CIRCUIT,"No. 36 Dingping Road Su'ao Township Yilan Taiwan"
WESTERN DIGITAL,"No 388 East Jiang Chuan Road Minhang District Shanghai China"
WESTERN DIGITAL,"203 205 Moo 7 Tumbon Tha Tum Amphur Srimahaphote Prachin Buri Thailand"
WICKEDER GROUP,"Hauptstrasse 6 Wickede (Ruhr) North Rhine-Westphalia Germany"
WICKEDER GROUP,"39 Perry Avenue Attleboro Massachusetts United States"
WINOX ENTERPRISE,"Dongfeng Village Huzhen Town Boluo County Huizhou Guangdong China"
WISTRON,"TB1+TB3 No. 38 Keji East Road Zhongshan Torch Development Zone Zhongshan"
WISTRON,"No. 168 First Avenue Kunshan Export Processing Zone Kunshan "
WISTRON,"No. 15 Cuiwei Road Tsuihang New District Zhongshan Guangdong China"
WISTRON,"No. 93 Industrial Suburb Ii Stage Yeshwanthpur City Bangalore India"
WISTRON,"No 30 A 2nd Phase Peenya Industrial Area ABB Circle Chokkasandra Bangalore Karnataka"
XIAMEN JAN JIA,"No. 1 Xiang Ming Road Xiang'an Xiamen Fujian China"
YAGEO,"No. 350 Zhongzheng Road Dashe District Kaohsiung Taiwan"
YAGEO,"No. 291 Zhongzheng Road Dashe District Kaohsiung Taiwan"
YAGEO,"No. 701 Gaoli Road Gaoli Industrial Zone Tangxia Town Dongguan Guangdong China"
YAGEO,"No. 179 Changjiang Road Suzhou New District Suzhou Jiangsu China"
YOUNG POONG,"62 Beomjigi-Ro 141Beon-Gill Ansan Gyeonggi-do Korea"
ZENIYA ALUMINUM,"No. 130 307 888 Bubugao Road Wusha Jiangbei Village Changan Town Dongguan"
ENGINEERING,"Guangdong China"
ZENIYA ALUMINUM,"Block B No. 2 Industry 5th Road Jiangbian Songgang Community Bao'an District Shenzhen"
ENGINEERING,"Guangdong China"
ZHEN DING TECHNOLOGY HOLDING,"No. 11 Honghai North Road Huaian Economic Development Zone Huai'an Jiangsu China"
ZHEN DING TECHNOLOGY HOLDING,"No. 18 Tengfei Road Economic and Technological Development Zone Qinhuangdao Hebei China"
ZHEN DING TECHNOLOGY HOLDING,"Building A1-A3 Pengding Plant Songluo Road Yanchuan Community Yanluo Street Bao'an District Shenzhen Guangdong China"
ZHENGHE GROUP,"No. 90 Jiaoyu North Road Ou Ming Da Industrial Area Gao Qiao Industrial Park Longgang"
ADVANCED MICRO DEVICES,"2485 Augustine Drive Santa Clara California United States"
CIRRUS LOGIC,"800 W 6th Street Austin Texas United States"
DIALOG SEMICONDUCTOR,"Neue Street 95 Baden-Wuerttemberg Germany"
LUMENTUM HOLDINGS,"400 North McCarthy Boulevard Milpitas California United States"
OMNIVISION TECHNOLOGIES,"4275 Burton Drive Santa Clara California United States"
PARADE TECHNOLOGIES,"2858 De La Cruz Boulevard Santa Clara California United States"
SILICON WORKS,"104-13 Moonji-Dong Daejeon Korea"
SITIME,"5451 Patrick Henry Drive Santa Clara California United States"
SYNAPTICS,"1251 Mckay Drive San Jose California United States"
